"","X","SNP","chromosome","position","other_allele.exposure","effect_allele.exposure","compID","BIOCHEMICAL","pval.exposure","beta.exposure","se.exposure","varID","eaf.exposure","samplesize.exposure","lambda","units.exposure","gene.exposure","exposure","id.exposure"
"1",2,"rs151273313","chr2",113428927,"G","A",18392,"theobromine",4.78139563629e-06,-0.781,0.186613,"chr2_113428927_G_A",0.01356,1954,1.019,"Units","gene","theobromine","t57oWk"
"2",4,"rs74642084","chr2",162930387,"C","T",18392,"theobromine",1.68013598466e-07,-0.387589,0.091081,"chr2_162930387_C_T",0.06679,1954,1.019,"Units","gene","theobromine","t57oWk"
"3",6,"rs12694792","chr2",228631980,"C","T",18392,"theobromine",3.72078322532e-06,0.165534,0.042849,"chr2_228631980_C_T",0.5479,1954,1.019,"Units","gene","theobromine","t57oWk"
"5",8,"rs303834","chr3",11889063,"C","T",18392,"theobromine",1.21437352187e-06,0.165718,0.049738,"chr3_11889063_C_T",0.2556,1954,1.019,"Units","gene","theobromine","t57oWk"
"8",11,"rs4484184","chr3",53947021,"T","C",18392,"theobromine",3.99200091963e-06,0.18298,0.043116,"chr3_53947021_T_C",0.4465,1954,1.019,"Units","gene","theobromine","t57oWk"
"10",16,"rs9883384","chr3",165477415,"C","T",18392,"theobromine",2.57630311257e-06,-0.565204,0.15428,"chr3_165477415_C_T",0.97851,1954,1.019,"Units","gene","theobromine","t57oWk"
"11",17,"rs73238820","chr4",16688432,"G","A",18392,"theobromine",4.64776651334e-06,-0.333563,0.162663,"chr4_16688432_G_A",0.02124,1954,1.019,"Units","gene","theobromine","t57oWk"
"12",19,"rs73248470","chr4",24686144,"G","A",18392,"theobromine",9.44442091649e-07,-0.646422,0.178242,"chr4_24686144_G_A",0.01714,1954,1.019,"Units","gene","theobromine","t57oWk"
"13",20,"rs28802045","chr4",40263653,"T","C",18392,"theobromine",4.06105107187e-06,0.186078,0.044908,"chr4_40263653_T_C",0.654,1954,1.019,"Units","gene","theobromine","t57oWk"
"14",21,"rs1837644","chr4",79592775,"G","C",18392,"theobromine",2.41472899887e-06,-0.513397,0.157155,"chr4_79592775_G_C",0.98337,1954,1.019,"Units","gene","theobromine","t57oWk"
"17",29,"rs150532","chr6",133383181,"T","G",18392,"theobromine",1.68832795386e-06,-0.315783,0.095327,"chr6_133383181_T_G",0.94729,1954,1.019,"Units","gene","theobromine","t57oWk"
"20",33,"rs6968554","chr7",17247482,"A","G",18392,"theobromine",1.85717566867e-06,0.17704,0.04405,"chr7_17247482_A_G",0.6149,1954,1.019,"Units","gene","theobromine","t57oWk"
"24",40,"rs72615150","chr7",97677862,"C","T",18392,"theobromine",4.39938599315e-06,0.293555,0.074708,"chr7_97677862_C_T",0.09519,1954,1.019,"Units","gene","theobromine","t57oWk"
"25",41,"rs7812163","chr7",134546888,"G","A",18392,"theobromine",1.61221023697e-06,0.158114,0.041942,"chr7_134546888_G_A",0.4368,1954,1.019,"Units","gene","theobromine","t57oWk"
"34",54,"rs117051499","chr11",4445858,"T","A",18392,"theobromine",2.71850374894e-06,0.476379,0.126568,"chr11_4445858_T_A",0.02584,1954,1.019,"Units","gene","theobromine","t57oWk"
"48",76,"rs7193370","chr16",86410908,"G","C",18392,"theobromine",4.27437039518e-06,0.173593,0.050143,"chr16_86410908_G_C",0.7669,1954,1.019,"Units","gene","theobromine","t57oWk"
"49",82,"rs190661532","chr19",694492,"C","G",18392,"theobromine",2.6430306607e-06,0.454021,0.113285,"chr19_694492_C_G",0.03941,1954,1.019,"Units","gene","theobromine","t57oWk"
"50",83,"rs45554334","chr20",63359194,"C","T",18392,"theobromine",3.79835143605e-07,-0.664987,0.135639,"chr20_63359194_C_T",0.02687,1954,1.019,"Units","gene","theobromine","t57oWk"
"51",84,"rs76449849","chr21",21916490,"G","A",18392,"theobromine",4.42241186987e-06,-0.468797,0.120577,"chr21_21916490_G_A",0.03045,1954,1.019,"Units","gene","theobromine","t57oWk"
